Name,Enrol,Year,Batch
John Doe,22103120,2022,B1
Jane Smith,22103121,2022,B1
Alice Johnson,22103122,2022,B1
Sarah Thomas,22103123,2022,B1
Sarah Johnson,22103124,2022,B1
Jane Brown,22103125,2022,B1
Daniel Harris,22103126,2022,B1
Jane Anderson,22103127,2022,B1
Sarah Johnson,22103128,2022,B1
Sarah Thomas,22103129,2022,B1
Michael Smith,22103130,2022,B1
Sarah White,22103131,2022,B1
Daniel Thomas,22103132,2022,B1
Alice Anderson,22103133,2022,B1
David Wilson,22103134,2022,B1
John Jackson,22103135,2022,B1
Michael Anderson,22103136,2022,B1
Michael Anderson,22103137,2022,B1
David Anderson,22103138,2022,B1
Emily Smith,22103139,2022,B1
Emily Anderson,22103140,2022,B1
Michael Jackson,22103141,2022,B1
Emily Thomas,22103142,2022,B1
Michael Brown,22103143,2022,B1
Daniel Brown,22103144,2022,B1
David Thomas,22103145,2022,B1
Michael Anderson,22103146,2022,B1
Emily Johnson,22103147,2022,B1
David Johnson,22103148,2022,B1
John Johnson,22103149,2022,B1
Sarah Brown,22103150,2022,B1
Jane Brown,22103151,2022,B2
Emily Brown,22103152,2022,B2
Daniel Taylor,22103153,2022,B2
Daniel Harris,22103154,2022,B2
John Thomas,22103155,2022,B2
David Smith,22103156,2022,B2
Bob Johnson,22103157,2022,B2
Sarah Brown,22103158,2022,B2
David Jackson,22103159,2022,B2
Sarah Taylor,22103160,2022,B2
Bob Thomas,22103161,2022,B2
Daniel Jackson,22103162,2022,B2
Jane Thomas,22103163,2022,B2
Emily Wilson,22103164,2022,B2
Alice White,22103165,2022,B2
John Anderson,22103166,2022,B2
Emily White,22103167,2022,B2
Emily Taylor,22103168,2022,B2
Michael Anderson,22103169,2022,B2
Alice Jackson,22103170,2022,B2
John Taylor,22103171,2022,B2
Jane Johnson,22103172,2022,B2
Emily Thomas,22103173,2022,B2
Daniel Wilson,22103174,2022,B2
Emma Jackson,22103175,2022,B2
Sarah Taylor,22103176,2022,B2
Sarah White,22103177,2022,B2
Michael Taylor,22103178,2022,B2
Sarah Thomas,22103179,2022,B2
Sarah Smith,22103180,2022,B2
Jane Johnson,22103181,2022,B3
David Taylor,22103182,2022,B3
Emma White,22103183,2022,B3
Emma Thomas,22103184,2022,B3
David Anderson,22103185,2022,B3
John Brown,22103186,2022,B3
Michael Smith,22103187,2022,B3
Emma Jackson,22103188,2022,B3
Bob Smith,22103189,2022,B3
Sarah Smith,22103190,2022,B3
Jane White,22103191,2022,B3
Daniel White,22103192,2022,B3
John Jackson,22103193,2022,B3
Alice Wilson,22103194,2022,B3
Bob Johnson,22103195,2022,B3
Daniel Harrison,22103196,2022,B3
Alice Wilson,22103197,2022,B3
Bob Wilson,22103198,2022,B3
Emma Anderson,22103199,2022,B3
Daniel Wilson,22103200,2022,B3
Daniel Harris,22103201,2022,B3
Sarah Thomas,22103202,2022,B3
Sarah Wilson,22103203,2022,B3
Sarah Anderson,22103204,2022,B3
Michael Jackson,22103205,2022,B3
Bob Harris,22103206,2022,B3
Emily Thomas,22103207,2022,B3
David Anderson,22103208,2022,B3
Bob Smith,22103209,2022,B3
David Harris,22103210,2022,B3
Sarah Harris,23103211,2023,B1
Daniel Thomas,23103212,2023,B1
John Taylor,23103120,2023,B1
Michael Harris,23103121,2023,B1
Daniel Thomas,23103122,2023,B1
Jane Jackson,23103123,2023,B1
Emily Anderson,23103124,2023,B1
David Jackson,23103125,2023,B1
Emily Harris,23103126,2023,B1
Alice White,23103127,2023,B1
Emma White,23103128,2023,B1

